{"lr": 0.0019819639278557113, "data_time": 0.0072972488403320315, "loss": 0.5630580720305443, "loss_rpn_cls": 0.36011334754526614, "loss_rpn_bbox": 0.005896493466570974, "loss_cls": 0.15350131899118424, "acc": 97.4853515625, "loss_bbox": 0.04354691375294351, "time": 0.5316086864471435, "epoch": 1, "iter": 50, "memory": 11841, "step": 50}
{"lr": 0.0039839679358717435, "data_time": 0.004633407592773437, "loss": 0.16991876393556596, "loss_rpn_cls": 0.018031711224466562, "loss_rpn_bbox": 0.005432942472398281, "loss_cls": 0.05333976931869984, "acc": 99.12109375, "loss_bbox": 0.09311434164643288, "time": 0.5267786645889282, "epoch": 1, "iter": 100, "memory": 11841, "step": 100}
{"lr": 0.005985971943887774, "data_time": 0.004810605049133301, "loss": 0.12659697934985162, "loss_rpn_cls": 0.010522276973351835, "loss_rpn_bbox": 0.005648710452951491, "loss_cls": 0.03638509482145309, "acc": 98.7548828125, "loss_bbox": 0.07404089637100697, "time": 0.5210658979415893, "epoch": 1, "iter": 150, "memory": 11841, "step": 150}
{"lr": 0.007987975951903804, "data_time": 0.004683594703674316, "loss": 0.10300505369901657, "loss_rpn_cls": 0.005679282578639686, "loss_rpn_bbox": 0.005181052843108773, "loss_cls": 0.02896308958530426, "acc": 98.681640625, "loss_bbox": 0.06318162873387337, "time": 0.5344466018676758, "epoch": 1, "iter": 200, "memory": 11841, "step": 200}
{"lr": 0.009989979959919832, "data_time": 0.005050301551818848, "loss": 0.08448768943548203, "loss_rpn_cls": 0.004124169521965086, "loss_rpn_bbox": 0.005059627741575241, "loss_cls": 0.023689508680254222, "acc": 99.267578125, "loss_bbox": 0.051614383980631826, "time": 0.5712109231948852, "epoch": 1, "iter": 250, "memory": 11841, "step": 250}
{"lr": 0.011991983967935849, "data_time": 0.004956984519958496, "loss": 0.09052642576396465, "loss_rpn_cls": 0.004875997742637992, "loss_rpn_bbox": 0.005340330856852233, "loss_cls": 0.024999384842813013, "acc": 99.3408203125, "loss_bbox": 0.05531071200966835, "time": 0.5629874610900879, "epoch": 1, "iter": 300, "memory": 11841, "step": 300}
{"lr": 0.01399398797595188, "data_time": 0.005054640769958496, "loss": 0.08159580789506435, "loss_rpn_cls": 0.004638960941229016, "loss_rpn_bbox": 0.004803989916108548, "loss_cls": 0.02232309050858021, "acc": 98.73046875, "loss_bbox": 0.04982976570725441, "time": 0.5663146495819091, "epoch": 1, "iter": 350, "memory": 11841, "step": 350}
{"coco/bbox_mAP": 0.453, "coco/bbox_mAP_50": 0.944, "coco/bbox_mAP_75": 0.344, "coco/bbox_mAP_s": -1.0, "coco/bbox_mAP_m": -1.0, "coco/bbox_mAP_l": 0.453, "data_time": 0.001328486442565918, "time": 0.031748159885406496, "step": 1}
{"lr": 0.016996993987975918, "data_time": 0.005785946846008301, "loss": 0.06633779421448707, "loss_rpn_cls": 0.0036517577292397617, "loss_rpn_bbox": 0.005066277263686061, "loss_cls": 0.017141870688647032, "acc": 99.560546875, "loss_bbox": 0.04047788873314857, "time": 0.5656485462188721, "epoch": 2, "iter": 425, "memory": 11841, "step": 425}
{"lr": 0.01899899799599195, "data_time": 0.005062599182128907, "loss": 0.07195372819900513, "loss_rpn_cls": 0.0039637653226964175, "loss_rpn_bbox": 0.004867233391851186, "loss_cls": 0.01977160656824708, "acc": 99.267578125, "loss_bbox": 0.04335112355649471, "time": 0.5395825338363648, "epoch": 2, "iter": 475, "memory": 11841, "step": 475}
{"lr": 0.019999999999999952, "data_time": 0.005248055458068847, "loss": 0.07180692926049233, "loss_rpn_cls": 0.004094716713298112, "loss_rpn_bbox": 0.004412910589016974, "loss_cls": 0.019413250014185906, "acc": 98.9013671875, "loss_bbox": 0.043886051326990125, "time": 0.5241069602966308, "epoch": 2, "iter": 525, "memory": 11841, "step": 525}
{"lr": 0.019999999999999952, "data_time": 0.005265083312988281, "loss": 0.06933193244040012, "loss_rpn_cls": 0.003600812547374517, "loss_rpn_bbox": 0.0044910547416657206, "loss_cls": 0.01820184113457799, "acc": 99.365234375, "loss_bbox": 0.04303822446614504, "time": 0.5260502481460572, "epoch": 2, "iter": 575, "memory": 11841, "step": 575}
{"lr": 0.019999999999999952, "data_time": 0.005037846565246582, "loss": 0.06514272131025792, "loss_rpn_cls": 0.003280783235095441, "loss_rpn_bbox": 0.004552535088732839, "loss_cls": 0.01789571950212121, "acc": 99.4384765625, "loss_bbox": 0.03941368367522955, "time": 0.5119622659683227, "epoch": 2, "iter": 625, "memory": 11841, "step": 625}
{"lr": 0.019999999999999952, "data_time": 0.005063338279724121, "loss": 0.06792572923004628, "loss_rpn_cls": 0.0036280196625739338, "loss_rpn_bbox": 0.004504125779494644, "loss_cls": 0.017900074142962696, "acc": 99.267578125, "loss_bbox": 0.04189350977540016, "time": 0.5228085947036744, "epoch": 2, "iter": 675, "memory": 11841, "step": 675}
{"lr": 0.019999999999999952, "data_time": 0.00539858341217041, "loss": 0.06278164118528366, "loss_rpn_cls": 0.0035347563901450487, "loss_rpn_bbox": 0.004575322940945625, "loss_cls": 0.01668316383846104, "acc": 99.462890625, "loss_bbox": 0.03798839759081602, "time": 0.5701439952850342, "epoch": 2, "iter": 725, "memory": 11841, "step": 725}
{"coco/bbox_mAP": 0.584, "coco/bbox_mAP_50": 0.968, "coco/bbox_mAP_75": 0.637, "coco/bbox_mAP_s": -1.0, "coco/bbox_mAP_m": -1.0, "coco/bbox_mAP_l": 0.584, "data_time": 0.0012232134204186841, "time": 0.031172069484840133, "step": 2}
{"lr": 0.019999999999999952, "data_time": 0.0059948253631591794, "loss": 0.05472295358777046, "loss_rpn_cls": 0.0032340968667995186, "loss_rpn_bbox": 0.003967240313068032, "loss_cls": 0.013759331796318292, "acc": 99.462890625, "loss_bbox": 0.03376228459179401, "time": 0.5597426748275757, "epoch": 3, "iter": 800, "memory": 11841, "step": 800}
